<!DOCTYPE mapper
    PUBLIC "-//mybatis.org//DTD Mapper 3.0//EN"
    "http://mybatis.org/dtd/mybatis-3-mapper.dtd">
    
<mapper namespace="com.lc.springbootlession7.mapper" >
  
  <resultMap type="com.lc.springbootlession7.model.Person" id="PersonResultMap">
         <id property="id" column="id" />
         <result property="name" column="name" />
         <result property="age" column="age" />
  </resultMap>
  
  <select id="selectOne" parameterType="int" resultMap="PersonResultMap" >
         select * from person where id= #{id};
  </select>
  
  <select id="selectAll" resultMap="PersonResultMap" >
         select * from person
  </select>

</mapper>