<?xml version="1.0" encoding="UTF-8" ?>
<!DOCTYPE configuration
  PUBLIC "-//mybatis.org//DTD Config 3.0//EN"
  "http://mybatis.org/dtd/mybatis-3-config.dtd">
  <configuration>
  
  <properties resource="mybatis/mybatis.properties" />
  
  <typeAliases>
       <typeAlias alias="MY_DB_VENDOR" type="com.lc.springbootlession7.mapping.MyVendorDatabaseIdProvider"/>
  </typeAliases>
  
  <environments default="development">
  
    <environment id="development">
    
      <transactionManager type="JDBC"/>
      <!-- POOLED是连接池的方式 -->
      <dataSource type="POOLED">
        <property name="driver" value="${jdbc.driver-class}"/>
        <property name="url" value="${jdbc.url}"/>
        <property name="username" value="${jdbc.username}"/>
        <property name="password" value="${jdbc.password}"/>
      </dataSource>
      
    </environment>
    
  </environments>
  
  <!-- MyBatis 可以根据不同的数据库厂商执行不同的语句，这种多厂商的支持是基于映射语句中的 databaseId 属性 -->
  <databaseIdProvider type="MY_DB_VENDOR">
        <property name="MySQL" value="mysql"/>
  </databaseIdProvider>
  
  <mappers>
    <mapper resource="com/lc/springbootlession7/mapper/PersonMapper.xml"/>
  </mappers>
  
</configuration>